timestamp,page,status
6,8,MISS
9,14,MISS
14,45,MISS
18,23,MISS
28,11,MISS
37,45,HIT
47,11,HIT
53,10,MISS
60,38,MISS
72,10,HIT
81,32,MISS
91,47,MISS
96,18,MISS
106,34,MISS
115,1,MISS
122,11,HIT
130,12,MISS
135,45,HIT
144,50,MISS
153,21,MISS
162,38,HIT
167,23,HIT
175,48,MISS
181,28,MISS
188,18,HIT
199,17,MISS
206,18,HIT
216,48,HIT
223,49,MISS
235,46,MISS
250,7,MISS
260,10,HIT
267,45,HIT
284,38,HIT
295,14,HIT
299,10,HIT
306,45,HIT
316,25,MISS
326,18,HIT
332,38,HIT
338,32,HIT
346,10,HIT
351,36,MISS
361,30,MISS
368,27,MISS
380,18,HIT
394,10,HIT
402,10,HIT
409,40,MISS
414,21,HIT
425,13,MISS
437,50,HIT
441,24,MISS
449,6,MISS
459,44,MISS
470,24,HIT
476,10,HIT
484,34,HIT
492,18,HIT
498,45,HIT
511,49,HIT
517,2,MISS
531,15,MISS
538,25,HIT
546,21,HIT
559,8,HIT
563,48,HIT
572,42,MISS
580,18,HIT
587,6,HIT
595,41,MISS
601,16,MISS
608,24,HIT
615,45,HIT
622,36,HIT
633,43,MISS
636,18,HIT
646,10,HIT
655,43,HIT
662,37,MISS
675,18,HIT
679,9,MISS
686,47,HIT
695,36,HIT
707,10,HIT
716,18,HIT
718,18,HIT
730,37,HIT
736,45,HIT
742,15,HIT
747,32,HIT
756,23,HIT
760,6,HIT
766,30,HIT
777,18,HIT
783,10,HIT
789,28,HIT
796,25,HIT
801,10,HIT
809,10,HIT
813,18,HIT
819,45,HIT
834,29,MISS
843,30,HIT
851,44,HIT
859,41,HIT
867,10,HIT
879,45,HIT
890,4,MISS
895,40,HIT
902,40,HIT
906,45,HIT
914,28,HIT
923,18,HIT
935,35,MISS
941,18,HIT
944,34,HIT
952,12,HIT
960,31,MISS
966,45,HIT
975,49,HIT
987,18,HIT
992,1,HIT
999,10,HIT
1008,14,HIT
1019,45,HIT
1027,10,HIT
1037,4,HIT
1047,24,HIT
1058,4,HIT
1062,31,HIT
1070,8,HIT
1083,49,HIT
1089,14,HIT
1090,29,HIT
1100,18,HIT
1110,8,HIT
1118,38,HIT
1126,3,MISS
1134,37,HIT
1142,17,HIT
1154,24,HIT
1161,38,HIT
1170,25,HIT
1184,18,HIT
1192,31,HIT
1202,15,HIT
1212,15,HIT
1224,28,HIT
1231,41,HIT
1240,38,HIT
1254,5,MISS
1260,20,MISS
1271,36,HIT
1279,41,HIT
1288,45,HIT
1297,42,HIT
1305,33,MISS
1313,30,HIT
1320,18,HIT
1330,25,HIT
1335,30,HIT
1339,10,HIT
1347,7,HIT
1354,11,HIT
1357,35,HIT
1366,9,HIT
1377,22,MISS
1387,18,HIT
1395,38,HIT
1401,41,HIT
1410,10,HIT
1418,30,HIT
1424,10,HIT
1434,34,HIT
1444,50,HIT
1450,6,HIT
1458,39,MISS
1466,45,HIT
1471,20,HIT
1479,41,HIT
1488,24,HIT
1502,8,HIT
1505,42,HIT
1515,14,HIT
1522,34,HIT
1527,18,HIT
1531,4,HIT
1541,49,HIT
1547,10,HIT
1559,18,HIT
1565,3,HIT
1577,23,HIT
1587,10,HIT
1590,31,HIT
1602,7,HIT
1607,22,HIT
1616,9,HIT
1624,14,HIT
1633,22,HIT
1638,34,HIT
1647,43,HIT
1657,18,HIT
1660,41,HIT
1665,18,HIT
1667,18,HIT
1677,2,HIT
1687,32,HIT
1692,18,HIT
1702,14,HIT
1706,40,HIT
1711,32,HIT
1725,21,HIT
1736,10,HIT
1743,38,HIT
1752,45,HIT
1758,9,HIT
1760,48,HIT
1772,11,HIT
1776,30,HIT
1783,26,MISS
1789,25,HIT
1800,5,HIT
1813,43,HIT
1821,35,HIT
1827,35,HIT
1832,44,HIT
1837,10,HIT
1842,30,HIT
1846,34,HIT
1854,10,HIT
1859,49,HIT
1863,18,HIT
1868,21,HIT
1877,29,HIT
1885,36,HIT
1894,43,HIT
1902,17,HIT
1905,21,HIT
1912,10,HIT
1921,8,HIT
1930,37,HIT
1938,41,HIT
1949,26,HIT
1955,37,HIT
1964,31,HIT
1972,18,HIT
1981,45,HIT
1986,5,HIT
1993,34,HIT
2002,27,HIT
2012,18,HIT
2022,42,HIT
2033,25,HIT
2040,18,HIT
2044,34,HIT
2054,45,HIT
2062,18,HIT
2070,10,HIT
2076,23,HIT
2081,31,HIT
2087,18,HIT
2093,50,HIT
2098,50,HIT
2106,18,HIT
2112,10,HIT
2117,42,HIT
2123,38,HIT
2132,10,HIT
2140,38,HIT
2144,39,HIT
2150,45,HIT
2155,50,HIT
2161,46,HIT
2170,45,HIT
2183,45,HIT
2194,32,HIT
2206,8,HIT
2215,42,HIT
2223,25,HIT
2230,42,HIT
2239,12,HIT
2245,23,HIT
2253,45,HIT
2266,18,HIT
2278,18,HIT
2282,50,HIT
2287,49,HIT
2297,10,HIT
2308,25,HIT
2317,8,HIT
2324,16,HIT
2331,25,HIT
2336,20,HIT
2345,18,HIT
2353,38,HIT
2359,9,HIT
2361,34,HIT
2369,29,HIT
2378,34,HIT
2383,27,HIT
2393,5,HIT
2402,8,HIT
2408,18,HIT
2419,41,HIT
2428,30,HIT
2434,38,HIT
2440,10,HIT
2449,34,HIT
2458,49,HIT
2464,34,HIT
2471,4,HIT
2479,50,HIT
2489,41,HIT
2497,37,HIT
2504,28,HIT
2509,8,HIT
2516,10,HIT
2525,29,HIT
2538,36,HIT
2553,10,HIT
2555,3,HIT
2557,42,HIT
2563,10,HIT
2572,18,HIT
2580,27,HIT
2587,47,HIT
2594,45,HIT
2603,10,HIT
2603,8,HIT
2609,10,HIT
2617,3,HIT
2626,18,HIT
2637,33,HIT
2648,10,HIT
2655,21,HIT
2659,13,HIT
2665,21,HIT
2678,20,HIT
2684,46,HIT
2691,36,HIT
2695,18,HIT
2705,33,HIT
2717,19,MISS
2721,39,HIT
2724,30,HIT
2734,49,HIT
2740,5,HIT
2751,24,HIT
2758,22,HIT
2770,42,HIT
2774,33,HIT
2782,18,HIT
2787,14,HIT
2791,45,HIT
2798,33,HIT
2808,45,HIT
2815,5,HIT
2827,24,HIT
2832,44,HIT
2847,7,HIT
2852,38,HIT
2861,44,HIT
2875,14,HIT
2882,18,HIT
2892,18,HIT
2899,34,HIT
2909,10,HIT
2914,10,HIT
2925,43,HIT
2927,24,HIT
2936,35,HIT
2944,28,HIT
2955,10,HIT
2963,36,HIT
2970,10,HIT
2978,4,HIT
2985,6,HIT
2990,10,HIT
2997,25,HIT
3002,39,HIT
3015,34,HIT
3024,30,HIT
3032,29,HIT
3045,21,HIT
3050,4,HIT
3061,34,HIT
3070,34,HIT
3077,45,HIT
3085,18,HIT
3095,38,HIT
3105,10,HIT
3114,18,HIT
3127,38,HIT
3134,35,HIT
3141,11,HIT
3149,4,HIT
3154,10,HIT
3164,25,HIT
3173,25,HIT
3179,11,HIT
3188,38,HIT
3198,44,HIT
3213,48,HIT
3216,43,HIT
3226,31,HIT
3234,14,HIT
3239,8,HIT
3249,7,HIT
3254,18,HIT
3262,16,HIT
3264,2,HIT
3273,2,HIT
3275,49,HIT
3284,25,HIT
3296,18,HIT
3310,34,HIT
3322,22,HIT
3326,21,HIT
3332,20,HIT
3342,27,HIT
3351,18,HIT
3356,21,HIT
3363,10,HIT
3373,46,HIT
3381,21,HIT
3389,11,HIT
3399,25,HIT
3408,45,HIT
3416,10,HIT
3428,34,HIT
3439,46,HIT
3444,16,HIT
3449,44,HIT
3458,12,HIT
3463,45,HIT
3469,18,HIT
3479,47,HIT
3486,22,HIT
3495,15,HIT
3508,18,HIT
3520,45,HIT
3528,18,HIT
3539,13,HIT
3549,29,HIT
3556,47,HIT
3562,15,HIT
3567,19,HIT
3578,39,HIT
3582,18,HIT
3589,18,HIT
3593,50,HIT
3598,18,HIT
3605,10,HIT
3614,18,HIT
3619,38,HIT
3626,17,HIT
3632,10,HIT
3637,48,HIT
3647,40,HIT
3654,10,HIT
3660,45,HIT
3664,43,HIT
3667,34,HIT
3674,42,HIT
3679,32,HIT
3687,50,HIT
3697,7,HIT
3702,34,HIT
3713,35,HIT
3722,48,HIT
3735,30,HIT
3740,20,HIT
3745,17,HIT
3750,5,HIT
3756,24,HIT
3764,10,HIT
3770,18,HIT
3779,16,HIT
3789,10,HIT
3798,38,HIT
3802,10,HIT
3809,10,HIT
3817,15,HIT
3825,24,HIT
3832,47,HIT
3841,45,HIT
3853,34,HIT
3864,30,HIT
3871,1,HIT
3879,24,HIT
3885,25,HIT
3893,18,HIT
3901,24,HIT
3907,8,HIT
3912,45,HIT
3921,13,HIT
3929,38,HIT
3935,40,HIT
3945,18,HIT
3950,43,HIT
3956,44,HIT
3967,45,HIT
3979,7,HIT
3997,18,HIT
4002,18,HIT
4012,20,HIT
4021,45,HIT
4029,18,HIT
4040,7,HIT
4045,6,HIT
4052,23,HIT
4063,34,HIT
4067,21,HIT
4074,19,HIT
4086,19,HIT
4090,37,HIT
4098,45,HIT
4108,49,HIT
4118,43,HIT
4128,23,HIT
4134,50,HIT
4142,10,HIT
4152,1,HIT
4158,3,HIT
4165,34,HIT
4174,11,HIT
4181,20,HIT
4188,45,HIT
4193,30,HIT
4205,33,HIT
4212,20,HIT
4218,34,HIT
4222,23,HIT
4232,49,HIT
4243,14,HIT
4249,50,HIT
4253,38,HIT
4263,50,HIT
4268,18,HIT
4276,42,HIT
4286,47,HIT
4293,26,HIT
4305,14,HIT
4319,18,HIT
4326,30,HIT
4334,13,HIT
4339,25,HIT
4348,21,HIT
4360,18,HIT
4367,26,HIT
4374,34,HIT
4380,49,HIT
4387,21,HIT
4393,45,HIT
4401,9,HIT
4408,42,HIT
4421,45,HIT
4429,8,HIT
4436,29,HIT
4445,35,HIT
4453,50,HIT
4462,50,HIT
4472,17,HIT
4475,3,HIT
4486,27,HIT
4491,13,HIT
4499,48,HIT
4509,10,HIT
4518,18,HIT
4526,30,HIT
4536,32,HIT
4541,38,HIT
4551,34,HIT
4559,38,HIT
4566,27,HIT
4576,38,HIT
4590,9,HIT
4600,45,HIT
4610,39,HIT
4617,24,HIT
4630,29,HIT
4639,18,HIT
4642,11,HIT
4651,10,HIT
4655,50,HIT
4661,38,HIT
4666,32,HIT
4672,38,HIT
4676,38,HIT
4686,35,HIT
4697,50,HIT
4713,18,HIT
4721,13,HIT
4729,36,HIT
4737,18,HIT
4747,49,HIT
4753,21,HIT
4765,10,HIT
4773,49,HIT
4780,19,HIT
4785,40,HIT
4795,38,HIT
4802,10,HIT
4811,21,HIT
4815,34,HIT
4829,33,HIT
4834,49,HIT
4839,8,HIT
4841,10,HIT
4851,7,HIT
4856,3,HIT
4864,45,HIT
4873,24,HIT
4880,13,HIT
4891,31,HIT
4904,24,HIT
4910,49,HIT
4918,48,HIT
4929,28,HIT
4933,34,HIT
4942,2,HIT
4953,34,HIT
4959,10,HIT
4964,50,HIT
4967,34,HIT
4971,10,HIT
4983,42,HIT
4989,50,HIT
4995,45,HIT
5008,50,HIT
5017,22,HIT
5023,10,HIT
5036,21,HIT
5041,45,HIT
5048,10,HIT
5055,10,HIT
5065,10,HIT
5070,44,HIT
5076,18,HIT
5087,42,HIT
5094,18,HIT
5103,49,HIT
5115,49,HIT
5125,34,HIT
5135,50,HIT
5141,50,HIT
5149,35,HIT
5160,25,HIT
5168,18,HIT
5173,16,HIT
5177,45,HIT
5187,10,HIT
5198,3,HIT
5204,18,HIT
5214,45,HIT
5223,41,HIT
5230,12,HIT
5238,38,HIT
5246,10,HIT
5253,28,HIT
5262,10,HIT
5268,18,HIT
5279,5,HIT
5284,11,HIT
5291,17,HIT
5296,2,HIT
5302,30,HIT
5309,10,HIT
5313,5,HIT
5322,10,HIT
5334,30,HIT
5343,21,HIT
5355,33,HIT
5363,4,HIT
5370,33,HIT
5373,37,HIT
5387,15,HIT
5391,37,HIT
5399,38,HIT
5408,42,HIT
5421,18,HIT
5432,43,HIT
5437,18,HIT
5450,10,HIT
5459,18,HIT
5468,26,HIT
5475,50,HIT
5483,20,HIT
5491,36,HIT
5498,18,HIT
5506,47,HIT
5515,38,HIT
5523,18,HIT
5531,33,HIT
5541,9,HIT
5549,18,HIT
5553,38,HIT
5562,10,HIT
5573,16,HIT
5577,45,HIT
5588,23,HIT
5595,45,HIT
5598,12,HIT
5604,36,HIT
5613,25,HIT
5625,46,HIT
5633,34,HIT
5639,1,HIT
5651,18,HIT
5664,31,HIT
5672,27,HIT
5678,2,HIT
5685,44,HIT
5700,43,HIT
5707,38,HIT
5716,18,HIT
5722,6,HIT
5735,18,HIT
5740,10,HIT
5747,18,HIT
5754,18,HIT
5765,18,HIT
5770,49,HIT
5777,15,HIT
5789,18,HIT
5802,21,HIT
5810,13,HIT
5817,48,HIT
5826,17,HIT
5832,18,HIT
5841,18,HIT
5848,47,HIT
5861,30,HIT
5871,50,HIT
5880,10,HIT
5884,10,HIT
5887,18,HIT
5894,10,HIT
5895,19,HIT
5902,10,HIT
5911,43,HIT
5922,45,HIT
5927,18,HIT
5934,10,HIT
5947,22,HIT
5953,20,HIT
5963,6,HIT
5966,18,HIT
5977,18,HIT
5989,44,HIT
5999,10,HIT
6009,25,HIT
6016,32,HIT
6026,12,HIT
6035,18,HIT
6044,18,HIT
6055,18,HIT
6061,18,HIT
6069,10,HIT
6081,38,HIT
6086,50,HIT
6099,18,HIT
6107,14,HIT
6112,12,HIT
6121,23,HIT
6127,27,HIT
6136,10,HIT
6145,18,HIT
6157,18,HIT
6163,18,HIT
6169,15,HIT
6173,18,HIT
6181,16,HIT
6193,21,HIT
6196,32,HIT
6204,26,HIT
6218,26,HIT
6234,19,HIT
6240,23,HIT
6250,22,HIT
6257,10,HIT
6263,18,HIT
6268,34,HIT
6277,19,HIT
6280,8,HIT
6285,45,HIT
6289,29,HIT
6293,1,HIT
6298,8,HIT
6302,15,HIT
6312,24,HIT
6317,48,HIT
6319,45,HIT
6330,27,HIT
6336,34,HIT
6344,3,HIT
6347,42,HIT
6349,7,HIT
6357,6,HIT
6372,11,HIT
6380,30,HIT
6384,42,HIT
6393,38,HIT
6401,18,HIT
6406,18,HIT
6413,18,HIT
6425,37,HIT
6434,18,HIT
6441,47,HIT
6448,5,HIT
6454,28,HIT
6460,33,HIT
6467,45,HIT
6471,25,HIT
6476,12,HIT
6486,18,HIT
6494,10,HIT
6503,35,HIT
6509,14,HIT
6517,7,HIT
6524,50,HIT
6534,50,HIT
6539,18,HIT
6544,9,HIT
6550,4,HIT
6556,18,HIT
6564,22,HIT
6568,32,HIT
6573,38,HIT
6578,45,HIT
6584,5,HIT
6591,25,HIT
6597,28,HIT
6605,34,HIT
6619,45,HIT
6631,50,HIT
6640,48,HIT
6650,38,HIT
6653,37,HIT
6660,35,HIT
6670,16,HIT
6679,34,HIT
6689,24,HIT
6699,25,HIT
6702,29,HIT
6712,1,HIT
6719,18,HIT
6724,13,HIT
6727,30,HIT
6737,11,HIT
6742,6,HIT
6749,14,HIT
6757,14,HIT
6761,23,HIT
6772,38,HIT
6776,41,HIT
6788,10,HIT
6792,36,HIT
6801,42,HIT
6809,14,HIT
6820,10,HIT
6830,49,HIT
6839,45,HIT
6850,34,HIT
6858,18,HIT
6866,43,HIT
6876,5,HIT
6884,49,HIT
6889,18,HIT
6893,38,HIT
6899,27,HIT
6905,47,HIT
6914,18,HIT
6917,29,HIT
6925,30,HIT
6934,26,HIT
6937,43,HIT
6949,10,HIT
6957,14,HIT
6962,25,HIT
6968,9,HIT
6974,34,HIT
6983,16,HIT
6988,34,HIT
6996,10,HIT
7001,27,HIT
7006,11,HIT
7011,1,HIT
7025,7,HIT
7034,45,HIT
7041,33,HIT
7048,6,HIT
7051,7,HIT
7062,38,HIT
7069,2,HIT
7078,45,HIT
7086,22,HIT
7095,38,HIT
7108,18,HIT
7116,32,HIT
7122,33,HIT
7126,19,HIT
7133,4,HIT
7140,16,HIT
7148,23,HIT
7159,14,HIT
7169,34,HIT
7178,6,HIT
7187,10,HIT
7202,31,HIT
7209,13,HIT
7218,20,HIT
7225,34,HIT
7238,50,HIT
7249,40,HIT
7254,34,HIT
7264,40,HIT
7271,20,HIT
7275,18,HIT
7284,23,HIT
7294,25,HIT
7300,33,HIT
7314,21,HIT
7321,33,HIT
7337,32,HIT
7345,41,HIT
7352,50,HIT
7358,24,HIT
7363,33,HIT
7366,14,HIT
7373,12,HIT
7387,22,HIT
7392,32,HIT
7398,12,HIT
7410,9,HIT
7417,47,HIT
7427,1,HIT
7432,4,HIT
7437,40,HIT
7447,32,HIT
7454,3,HIT
7461,3,HIT
7471,17,HIT
7477,9,HIT
7483,39,HIT
7490,48,HIT
7500,13,HIT
7509,22,HIT
7517,43,HIT
7521,24,HIT
7530,29,HIT
7538,4,HIT
7546,49,HIT
7554,6,HIT
7560,37,HIT
7569,23,HIT
7576,23,HIT
7583,16,HIT
7594,36,HIT
7603,35,HIT
7606,43,HIT
7613,16,HIT
7619,36,HIT
7627,7,HIT
7635,45,HIT
7643,12,HIT
7651,37,HIT
7662,45,HIT
7672,42,HIT
7680,43,HIT
7689,41,HIT
7695,10,HIT
7706,34,HIT
7711,9,HIT
7721,44,HIT
7732,36,HIT
7741,12,HIT
7746,48,HIT
7754,18,HIT
7759,26,HIT
7766,9,HIT
7773,40,HIT
7787,50,HIT
7794,48,HIT
7808,25,HIT
7815,40,HIT
7830,17,HIT
7837,33,HIT
7844,48,HIT
7852,9,HIT
7861,48,HIT
7866,6,HIT
7875,8,HIT
7884,13,HIT
7888,3,HIT
7896,19,HIT
7902,26,HIT
7912,17,HIT
7924,25,HIT
